{
  "active": "default",
  "profiles": {
    "default": {
      "cpu_threads": 3,
      "mem_gib": 42.8972028195858,
      "storage_gib": 286.1526153564453
    }
  }
}